<edmx:Edmx xmlns:edmx="http://docs.oasis-open.org/odata/ns/edmx" Version="4.0">
	<edmx:Reference Uri="http://docs.oasis-open.org/odata/odata-data-aggregation-ext/v4.0/cs02/vocabularies/Org.OData.Aggregation.V1.xml">
		<edmx:Include Alias="Aggregation" Namespace="Org.OData.Aggregation.V1"/>
	</edmx:Reference>
	<edmx:Reference Uri="http://docs.oasis-open.org/odata/odata/v4.0/errata03/os/complete/vocabularies/Org.OData.Capabilities.V1.xml">
		<edmx:Include Alias="Capabilities" Namespace="Org.OData.Capabilities.V1"/>
	</edmx:Reference>
	<edmx:Reference Uri="https://wiki.scn.sap.com/wiki/download/attachments/448470974/Common.xml?api=v2">
		<edmx:Include Alias="Common" Namespace="com.sap.vocabularies.Common.v1"/>
	</edmx:Reference>
	<edmx:Reference Uri="https://wiki.scn.sap.com/wiki/download/attachments/448470971/Communication.xml?api=v2">
		<edmx:Include Alias="vCard" Namespace="com.sap.vocabularies.Communication.v1"/>
	</edmx:Reference>
	<edmx:Reference Uri="http://docs.oasis-open.org/odata/odata/v4.0/errata03/os/complete/vocabularies/Org.OData.Core.V1.xml">
		<edmx:Include Alias="Core" Namespace="Org.OData.Core.V1"/>
	</edmx:Reference>
	<edmx:Reference Uri="http://docs.oasis-open.org/odata/odata/v4.0/errata03/os/complete/vocabularies/Org.OData.Measures.V1.xml">
		<edmx:Include Alias="CQP" Namespace="Org.OData.Measures.V1"/>
	</edmx:Reference>
	<edmx:Reference Uri="https://wiki.scn.sap.com/wiki/download/attachments/448470968/UI.xml?api=v2">
		<edmx:Include Alias="UI" Namespace="com.sap.vocabularies.UI.v1"/>
	</edmx:Reference>
	<edmx:DataServices>
		<Schema xmlns="http://docs.oasis-open.org/odata/ns/edm">
			<Annotations Target="jetCloud.apps.zjblessons.jblesson02.v01.01.zjblessons_base_GroupsType">
				<Annotation Term="UI.SelectionFields">
					<Collection>
						<PropertyPath>GroupText</PropertyPath>
						<PropertyPath>Created</PropertyPath>
						<PropertyPath>Modified</PropertyPath>
					</Collection>
				</Annotation>
				<Annotation Term="UI.PresentationVariant">
					<Record Type="UI.PresentationVariantType">
						<PropertyValue Property="SortOrder"/>
						<PropertyValue Property="GroupBy"/>
						<PropertyValue Property="TotalBy"/>
						<PropertyValue Property="Total"/>
						<PropertyValue Property="Visualizations"/>
						<PropertyValue Property="RequestAtLeast">
							<Collection/>
						</PropertyValue>
					</Record>
				</Annotation>
				<Annotation Term="UI.LineItem">
					<Collection>
						<Record Type="UI.DataField">
							<PropertyValue Property="Value" Path="GroupText"/>
						</Record>
						<Record Type="UI.DataField">
							<PropertyValue Property="Value" Path="Created"/>
						</Record>
						<Record Type="UI.DataField">
							<PropertyValue Property="Value" Path="Modified"/>
						</Record>
					</Collection>
				</Annotation>
			</Annotations>
			<Annotations Target="jetCloud.apps.zjblessons.jblesson02.v01.01.zjblessons_base_GroupsType/Created">
				<Annotation Term="Common.IsCalendarDate"/>
				<Annotation Term="Common.Label" String="{@i18n&gt;labelCreated}"/>
			</Annotations>
			<Annotations Target="jetCloud.apps.zjblessons.jblesson02.v01.01.zjblessons_base_GroupsType/GroupText">
				<Annotation Term="Common.ValueList">
					<Record Type="Common.ValueListType">
						<PropertyValue Property="CollectionPath" String="zjblessons_base_Groups"/>
						<PropertyValue Property="Parameters">
							<Collection>
								<Record Type="Common.ValueListParameterInOut">
									<PropertyValue Property="LocalDataProperty" PropertyPath="GroupText"/>
									<PropertyValue Property="ValueListProperty" String="GroupText"/>
								</Record>
							</Collection>
						</PropertyValue>
					</Record>
				</Annotation>
				<Annotation Term="Common.ValueListWithFixedValues"/>
				<Annotation Term="Common.Label" String="{@i18n&gt;labelGroupText}"/>
			</Annotations>
			<Annotations Target="jetCloud.apps.zjblessons.jblesson02.v01.01.zjblessons_base_GroupsType/Modified">
				<Annotation Term="Common.IsCalendarDate"/>
				<Annotation Term="Common.Label" String="{@i18n&gt;labelModified}"/>
			</Annotations>
			<Annotations Target="jetCloud.apps.zjblessons.jblesson02.v01.01.zjblessons_base_GroupsType/ModifiedBy">
				<Annotation Term="Common.Label" String="{@i18n&gt;labelModifiedBy}"/>
			</Annotations>
			<Annotations Target="jetCloud.apps.zjblessons.jblesson02.v01.01.zjblessons_base_PlantsType">
				<Annotation Term="UI.PresentationVariant">
					<Record Type="UI.PresentationVariantType">
						<PropertyValue Property="SortOrder"/>
						<PropertyValue Property="GroupBy"/>
						<PropertyValue Property="TotalBy"/>
						<PropertyValue Property="Total"/>
						<PropertyValue Property="Visualizations"/>
						<PropertyValue Property="RequestAtLeast"/>
					</Record>
				</Annotation>
				<Annotation Term="UI.SelectionFields">
					<Collection>
						<PropertyPath>Created</PropertyPath>
						<PropertyPath>PlantText</PropertyPath>
					</Collection>
				</Annotation>
				<Annotation Term="UI.LineItem">
					<Collection>
						<Record Type="UI.DataField">
							<PropertyValue Property="Value" Path="PlantText"/>
						</Record>
						<Record Type="UI.DataField">
							<PropertyValue Property="Value" Path="Created"/>
						</Record>
						<Record Type="UI.DataField">
							<PropertyValue Property="Value" Path="Modified"/>
						</Record>
					</Collection>
				</Annotation>
			</Annotations>
			<Annotations Target="jetCloud.apps.zjblessons.jblesson02.v01.01.zjblessons_base_RegionsType">
				<Annotation Term="UI.SelectionFields">
					<Collection>
						<PropertyPath>Created</PropertyPath>
						<PropertyPath>RegionText</PropertyPath>
					</Collection>
				</Annotation>
				<Annotation Term="UI.PresentationVariant">
					<Record Type="UI.PresentationVariantType">
						<PropertyValue Property="SortOrder"/>
						<PropertyValue Property="GroupBy"/>
						<PropertyValue Property="TotalBy"/>
						<PropertyValue Property="Total"/>
						<PropertyValue Property="Visualizations"/>
						<PropertyValue Property="RequestAtLeast"/>
					</Record>
				</Annotation>
				<Annotation Term="UI.LineItem">
					<Collection>
						<Record Type="UI.DataField">
							<PropertyValue Property="Value" Path="RegionText"/>
						</Record>
						<Record Type="UI.DataField">
							<PropertyValue Property="Value" Path="Created"/>
						</Record>
						<Record Type="UI.DataField">
							<PropertyValue Property="Value" Path="Modified"/>
						</Record>
					</Collection>
				</Annotation>
			</Annotations>
			<Annotations Target="jetCloud.apps.zjblessons.jblesson02.v01.01.zjblessons_base_SubGroupsType">
				<Annotation Term="UI.PresentationVariant">
					<Record Type="UI.PresentationVariantType">
						<PropertyValue Property="SortOrder"/>
						<PropertyValue Property="GroupBy"/>
						<PropertyValue Property="TotalBy"/>
						<PropertyValue Property="Total"/>
						<PropertyValue Property="Visualizations"/>
						<PropertyValue Property="RequestAtLeast"/>
					</Record>
				</Annotation>
				<Annotation Term="UI.SelectionFields">
					<Collection>
						<PropertyPath>Created</PropertyPath>
						<PropertyPath>SubGroupText</PropertyPath>
					</Collection>
				</Annotation>
				<Annotation Term="UI.LineItem">
					<Collection>
						<Record Type="UI.DataField">
							<PropertyValue Property="Value" Path="SubGroupText"/>
						</Record>
						<Record Type="UI.DataField">
							<PropertyValue Property="Value" Path="Created"/>
						</Record>
						<Record Type="UI.DataField">
							<PropertyValue Property="Value" Path="Modified"/>
						</Record>
					</Collection>
				</Annotation>
			</Annotations>
			<Annotations Target="jetCloud.apps.zjblessons.jblesson02.v01.01.zjblessons_base_RegionsType/Modified">
				<Annotation Term="Common.Label" String="{@i18n&gt;labelModified}"/>
				<Annotation Term="Common.IsCalendarDate"/>
			</Annotations>
			<Annotations Target="jetCloud.apps.zjblessons.jblesson02.v01.01.zjblessons_base_RegionsType/Created">
				<Annotation Term="Common.Label" String="{@i18n&gt;labelCreated}"/>
				<Annotation Term="Common.IsCalendarDate"/>
			</Annotations>
			<Annotations Target="jetCloud.apps.zjblessons.jblesson02.v01.01.zjblessons_base_PlantsType/Created">
				<Annotation Term="Common.Label" String="{@i18n&gt;labelCreated}"/>
			</Annotations>
			<Annotations Target="jetCloud.apps.zjblessons.jblesson02.v01.01.zjblessons_base_PlantsType/Modified">
				<Annotation Term="Common.Label" String="{@i18n&gt;labelModified}"/>
			</Annotations>
			<Annotations Target="jetCloud.apps.zjblessons.jblesson02.v01.01.zjblessons_base_PlantsType/PlantText">
				<Annotation Term="Common.Label" String="{@i18n&gt;labelPlants}"/>
			</Annotations>
			<Annotations Target="jetCloud.apps.zjblessons.jblesson02.v01.01.zjblessons_base_RegionsType/RegionText">
				<Annotation Term="Common.Label" String="{@i18n&gt;tRegions}"/>
			</Annotations>
			<Annotations Target="jetCloud.apps.zjblessons.jblesson02.v01.01.zjblessons_base_SubGroupsType/Created">
				<Annotation Term="Common.Label" String="{@i18n&gt;labelCreated}"/>
			</Annotations>
			<Annotations Target="jetCloud.apps.zjblessons.jblesson02.v01.01.zjblessons_base_SubGroupsType/Modified">
				<Annotation Term="Common.Label" String="{@i18n&gt;labelModified}"/>
			</Annotations>
			<Annotations Target="jetCloud.apps.zjblessons.jblesson02.v01.01.zjblessons_base_SubGroupsType/SubGroupText">
				<Annotation Term="Common.ValueListWithFixedValues"/>
				<Annotation Term="Common.ValueList">
					<Record Type="Common.ValueListType">
						<PropertyValue Property="CollectionPath" String="zjblessons_base_SubGroups"/>
						<PropertyValue Property="Parameters">
							<Collection>
								<Record Type="Common.ValueListParameterInOut">
									<PropertyValue Property="LocalDataProperty" PropertyPath="SubGroupText"/>
									<PropertyValue Property="ValueListProperty" String="SubGroupText"/>
								</Record>
							</Collection>
						</PropertyValue>
					</Record>
				</Annotation>
				<Annotation Term="Common.Label" String="{@i18n&gt;labelSubGroupText}"/>
			</Annotations>
		</Schema>
	</edmx:DataServices>
</edmx:Edmx>